{
  "IcoMoonType": "selection",
  "icons": [
    {
      "icon": {
        "paths": [
          "M204.8 375.468v-68.268h614.4v68.268h-614.4zM204.8 546.132h614.4v-68.265h-614.4v68.265zM204.8 716.8h614.4v-68.268h-614.4v68.268z"
        ],
        "attrs": [
          {
            "fill": "rgb(255, 255, 255)"
          }
        ],
        "isMulticolor": false,
        "isMulticolor2": false,
        "grid": 0,
        "tags": [
          "burger"
        ],
        "colorPermutations": {
          "15716418912552552551": [
            {
              "f": 1
            }
          ]
        }
      },
      "attrs": [
        {
          "fill": "rgb(255, 255, 255)"
        }
      ],
      "properties": {
        "order": 9,
        "id": 4,
        "name": "burger",
        "prevSize": 32
      },
      "setIdx": 0,
      "setId": 0,
      "iconIdx": 0
    },
    {
      "icon": {
        "paths": [
          "M759.468 329.728l-48.128-48.128-190.807 190.804-190.804-190.804-48.128 48.128 190.804 190.804-190.804 190.807 48.128 48.128 190.804-190.807 190.807 190.807 48.128-48.128-190.807-190.807 190.807-190.804z"
        ],
        "attrs": [
          {}
        ],
        "isMulticolor": false,
        "isMulticolor2": false,
        "grid": 0,
        "tags": [
          "close_cross"
        ],
        "colorPermutations": {
          "15716418912552552551": [
            {}
          ]
        }
      },
      "attrs": [
        {}
      ],
      "properties": {
        "order": 10,
        "id": 3,
        "name": "close_cross",
        "prevSize": 32
      },
      "setIdx": 0,
      "setId": 0,
      "iconIdx": 1
    },
    {
      "icon": {
        "paths": [
          "M853.312 682.786v102.976c0.077 19.328-7.996 37.794-22.238 50.863-14.246 13.069-33.34 19.524-52.591 17.783-105.621-11.477-207.078-47.569-296.218-105.374-82.932-52.702-153.245-123.012-205.945-205.948-58.009-89.545-94.109-191.494-105.375-297.59-1.734-19.191 4.677-38.228 17.669-52.46s31.366-22.348 50.636-22.366h102.973c34.457-0.339 63.826 24.918 68.649 59.038 4.346 32.954 12.406 65.309 24.025 96.451 9.434 25.087 3.401 53.367-15.444 72.424l-43.592 43.593c48.863 85.931 120.015 157.082 205.946 205.943l43.593-43.593c19.055-18.842 47.339-24.875 72.422-15.445 31.142 11.622 63.501 19.682 96.452 24.030 34.517 4.868 59.904 34.829 59.038 69.675z"
        ],
        "attrs": [
          {
            "fill": "none",
            "stroke": "rgb(157, 164, 189)",
            "strokeLinejoin": "round",
            "strokeLinecap": "round",
            "strokeMiterlimit": "4",
            "strokeWidth": 42.666666666666664
          }
        ],
        "isMulticolor": false,
        "isMulticolor2": false,
        "grid": 0,
        "tags": [
          "phone"
        ]
      },
      "attrs": [
        {
          "fill": "none",
          "stroke": "rgb(157, 164, 189)",
          "strokeLinejoin": "round",
          "strokeLinecap": "round",
          "strokeMiterlimit": "4",
          "strokeWidth": 42.666666666666664
        }
      ],
      "properties": {
        "order": 11,
        "id": 0,
        "name": "phone",
        "prevSize": 32
      },
      "setIdx": 0,
      "setId": 0,
      "iconIdx": 2
    },
    {
      "icon": {
        "paths": [
          "M853.333 442.18c0 244.365-341.333 453.82-341.333 453.82s-341.333-209.455-341.333-453.82c0-173.516 152.82-314.18 341.333-314.18s341.333 140.664 341.333 314.18v0z",
          "M512 597.333c70.694 0 128-57.306 128-128 0-70.692-57.306-128-128-128s-128 57.308-128 128c0 70.694 57.306 128 128 128z"
        ],
        "attrs": [
          {
            "fill": "none",
            "stroke": "rgb(157, 164, 189)",
            "strokeLinejoin": "round",
            "strokeLinecap": "round",
            "strokeMiterlimit": "4",
            "strokeWidth": 42.666666666666664
          },
          {
            "fill": "none",
            "stroke": "rgb(157, 164, 189)",
            "strokeLinejoin": "round",
            "strokeLinecap": "round",
            "strokeMiterlimit": "4",
            "strokeWidth": 42.666666666666664
          }
        ],
        "isMulticolor": false,
        "isMulticolor2": false,
        "grid": 0,
        "tags": [
          "map-pin"
        ]
      },
      "attrs": [
        {
          "fill": "none",
          "stroke": "rgb(157, 164, 189)",
          "strokeLinejoin": "round",
          "strokeLinecap": "round",
          "strokeMiterlimit": "4",
          "strokeWidth": 42.666666666666664
        },
        {
          "fill": "none",
          "stroke": "rgb(157, 164, 189)",
          "strokeLinejoin": "round",
          "strokeLinecap": "round",
          "strokeMiterlimit": "4",
          "strokeWidth": 42.666666666666664
        }
      ],
      "properties": {
        "order": 12,
        "id": 1,
        "name": "map-pin",
        "prevSize": 32
      },
      "setIdx": 0,
      "setId": 0,
      "iconIdx": 3
    },
    {
      "icon": {
        "paths": [
          "M204.8 213.333h614.4c42.24 0 76.8 33.6 76.8 74.667v448c0 41.067-34.56 74.667-76.8 74.667h-614.4c-42.24 0-76.8-33.6-76.8-74.667v-448c0-41.067 34.56-74.667 76.8-74.667z",
          "M853.333 298.667l-341.333 256-341.333-256"
        ],
        "attrs": [
          {
            "fill": "none",
            "stroke": "rgb(157, 164, 189)",
            "strokeLinejoin": "round",
            "strokeLinecap": "round",
            "strokeMiterlimit": "4",
            "strokeWidth": 42.666666666666664
          },
          {
            "fill": "none",
            "stroke": "rgb(157, 164, 189)",
            "strokeLinejoin": "round",
            "strokeLinecap": "round",
            "strokeMiterlimit": "4",
            "strokeWidth": 42.666666666666664
          }
        ],
        "isMulticolor": false,
        "isMulticolor2": false,
        "grid": 0,
        "tags": [
          "mail"
        ]
      },
      "attrs": [
        {
          "fill": "none",
          "stroke": "rgb(157, 164, 189)",
          "strokeLinejoin": "round",
          "strokeLinecap": "round",
          "strokeMiterlimit": "4",
          "strokeWidth": 42.666666666666664
        },
        {
          "fill": "none",
          "stroke": "rgb(157, 164, 189)",
          "strokeLinejoin": "round",
          "strokeLinecap": "round",
          "strokeMiterlimit": "4",
          "strokeWidth": 42.666666666666664
        }
      ],
      "properties": {
        "order": 13,
        "id": 2,
        "name": "mail",
        "prevSize": 32
      },
      "setIdx": 0,
      "setId": 0,
      "iconIdx": 4
    }
  ],
  "height": 1024,
  "preferences": {
    "showGlyphs": true,
    "showCodes": true,
    "showQuickUse": true,
    "showQuickUse2": true,
    "showSVGs": true,
    "fontPref": {
      "prefix": "icon-",
      "metadata": {},
      "metrics": {
        "emSize": 1024,
        "baseline": 6.25,
        "whitespace": 50
      }
    },
    "imagePref": {
      "prefix": "icon-",
      "png": true,
      "useClassSelector": true,
      "color": 0,
      "bgColor": 16777215,
      "name": "icomoon",
      "classSelector": ".icon"
    },
    "historySize": 50
  }
}